{
  "0": {
    "precision": 0.9136316337148803,
    "recall": 0.9977272727272727,
    "f1-score": 0.9538294405214557,
    "support": 3520.0
  },
  "1": {
    "precision": 0.9487179487179487,
    "recall": 0.30833333333333335,
    "f1-score": 0.46540880503144655,
    "support": 480.0
  },
  "accuracy": 0.915,
  "macro avg": {
    "precision": 0.9311747912164146,
    "recall": 0.6530303030303031,
    "f1-score": 0.7096191227764511,
    "support": 4000.0
  },
  "weighted avg": {
    "precision": 0.9178419915152486,
    "recall": 0.915,
    "f1-score": 0.8952189642626545,
    "support": 4000.0
  }
}