feature,importance
feat_2,0.3293506692440924
feat_0,0.2942297612215272
feat_1,0.257958899768038
feat_5,0.05534881394052881
feat_3,0.03759538679227185
feat_6,0.016364988108827423
feat_4,0.00915148092471433
feat_7,0.0
feat_8,0.0
feat_9,0.0
