feature,importance
feat_3,0.13285151913025212
feat_6,0.1206146820657259
feat_8,0.11802074035189548
feat_4,0.10896898846105031
feat_0,0.09364553136484616
feat_2,0.09341418606224972
feat_5,0.0910113425768721
feat_1,0.08746430009331511
feat_7,0.08286663540540498
feat_9,0.071142074488388
